{"AED": 3.971994, "AFN": 82.052435, "ALL": 124.73327, "AMD": 518.68829, "ANG": 1.940389, "AOA": 610.684223, "ARS": 71.722744, "AUD": 1.69495, "AWG": 1.946419, "AZN": 1.839309, "BAM": 1.961934, "BBD": 2.182662, "BDT": 91.824563, "BGN": 1.956146, "BHD": 0.40893, "BIF": 2057.797843, "BMD": 1.081344, "BND": 1.539066, "BOB": 7.453574, "BRL": 5.915924, "BSD": 1.081048, "BTC": 0.000152, "BTN": 82.304355, "BWP": 13.345868, "BYN": 2.671172, "BYR": 21194.34457, "BZD": 2.17895, "CAD": 1.520532, "CDF": 1865.318946, "CHF": 1.052483, "CLF": 0.033644, "CLP": 928.791698, "CNY": 7.641539, "COP": 4344.343219, "CRC": 613.506875, "CUC": 1.081344, "CUP": 28.655619, "CVE": 110.892062, "CZK": 27.508532, "DJF": 192.176469, "DKK": 7.457479, "DOP": 58.944238, "DZD": 138.979742, "EGP": 17.072047, "ERN": 16.220258, "ETB": 36.06294, "FJD": 2.458435, "FKP": 0.874974, "GBP": 0.874775, "GEL": 3.438202, "GGP": 0.874974, "GHS": 6.249856, "GIP": 0.874974, "GMD": 55.164767, "GNF": 10240.329054, "GTQ": 8.345419, "GYD": 226.341954, "HKD": 8.380676, "HNL": 26.947452, "HRK": 7.57168, "HTG": 104.80027, "HUF": 357.306301, "IDR": 16757.48155, "ILS": 3.814247, "IMP": 0.874974, "INR": 82.147002, "IQD": 1286.799492, "IRR": 45529.993331, "ISK": 158.589903, "JEP": 0.874974, "JMD": 151.206292, "JOD": 0.766622, "JPY": 116.329376, "KES": 116.028984, "KGS": 86.975646, "KHR": 4411.883906, "KMF": 493.25542, "KPW": 973.303442, "KRW": 1332.237587, "KWD": 0.336408, "KYD": 0.900873, "KZT": 467.103977, "LAK": 9537.455303, "LBP": 1636.354246, "LKR": 208.633635, "LRD": 214.268282, "LSL": 20.621523, "LTL": 3.192928, "LVL": 0.654094, "LYD": 1.524908, "MAD": 10.786443, "MDL": 19.835467, "MGA": 4093.96858, "MKD": 61.774334, "MMK": 1544.184251, "MNT": 3010.900227, "MOP": 8.629586, "MRO": 386.03988, "MUR": 43.142982, "MVR": 16.695816, "MWK": 794.788337, "MXN": 26.777416, "MYR": 4.71477, "MZN": 73.001328, "NAD": 20.620972, "NGN": 421.183318, "NIO": 37.307762, "NOK": 11.473104, "NPR": 131.684366, "NZD": 1.797733, "OMR": 0.416535, "PAB": 1.081048, "PEN": 3.628951, "PGK": 3.714447, "PHP": 54.819277, "PKR": 173.01524, "PLN": 4.542327, "PYG": 7055.805468, "QAR": 3.937223, "RON": 4.841287, "RSD": 117.617757, "RUB": 80.66708, "RWF": 1013.760104, "SAR": 4.066516, "SBD": 9.013704, "SCR": 18.918128, "SDG": 59.79811, "SEK": 10.870477, "SGD": 1.538672, "SHP": 0.874974, "SLL": 10494.444264, "SOS": 630.423764, "SRD": 8.064639, "STD": 23845.136531, "SVC": 9.459171, "SYP": 554.809077, "SZL": 20.620936, "THB": 34.959985, "TJS": 11.077017, "TMT": 3.795518, "TND": 3.14401, "TOP": 2.523046, "TRY": 7.523238, "TTD": 7.309514, "TWD": 32.53878, "TZS": 2501.472774, "UAH": 29.247366, "UGX": 4094.785106, "USD": 1.081344, "UYU": 46.77018, "UZS": 10956.178379, "VEF": 10.799925, "VND": 25349.409316, "VUV": 130.819853, "WST": 2.995075, "XAF": 658.037652, "XAG": 0.071085, "XAU": 0.000626, "XCD": 2.922387, "XDR": 0.793, "XOF": 657.457424, "XPF": 119.893987, "YER": 270.714207, "ZAR": 20.623584, "ZMK": 9733.403572, "ZMW": 20.024753, "ZWL": 348.192805}